processo_numero,latitude,longitude,ground_type,ground_amplitude,slope_degree,slope_percentage,danger_level,rain_day,rain_hour,elevation
8044307221,-8.0416231,-34.8980669,URBANO,0 a 20m,0 a 5º,0 a 10%,Baixa,19.0,0.1,13.0
8043509021,-8.003224,-34.922811,LVd4,20 a 100m,10 a 30º,0 a 60%,Alta,19.0,0.7,65.0
8082637621,-8.0182901,-34.9230267,A2,20 a 100m,10 a 30º,0 a 60%,Baixa,3.8,0.2,45.0
8023708622,-8.0100442,-34.9179104,A2,20 a 100m,10 a 30º,0 a 60%,Media,0.7,0.0,41.0
8068433622,-8.0120285,-34.9171261,A2,20 a 100m,10 a 30º,0 a 60%,Media,1.2,0.2,65.0
8009160722,-8.0549484,-34.9178877,A2,0 a 20m,0 a 5º,0 a 10%,Baixa,3.9,0.1,10.0
8027402922,-8.0476706,-34.9616125,A2,0 a 20m,0 a 5º,0 a 10%,Baixa,19.1,0.2,17.0
8036069921,-8.012244299999999,-34.9165066,A2,20 a 100m,10 a 30º,0 a 60%,Media,1.1,0.0,68.0
8027404122,-8.0476706,-34.9616125,A2,0 a 20m,0 a 5º,0 a 10%,Baixa,19.1,0.2,17.0
8106172821,-8.0483995,-34.9590902,A2,0 a 20m,0 a 5º,0 a 10%,Baixa,0.6,0.0,20.0
8083345921,-8.0396508,-34.94821170000001,AGUA,0 a 20m,0 a 5º,0 a 10%,Baixa,4.0,0.2,12.0
8069725221,-8.0387537,-34.9639181,LVd2,20 a 100m,10 a 30º,0 a 60%,Media,7.2,0.3,17.0
8043302721,-8.0239708,-34.9499865,A2,0 a 40m,0 a 5º,0 a 15%,Baixa,17.8,0.1,10.0
8043306221,-8.105225599999999,-34.9504832,PV1,20 a 100m,10 a 30º,0 a 60%,Baixa,17.8,0.1,49.0
8033556621,-8.0483995,-34.9590902,A2,0 a 20m,0 a 5º,0 a 10%,Baixa,10.3,1.6,20.0
8022858621,-8.0344458,-34.9716015,LVd2,20 a 100m,10 a 30º,0 a 60%,Baixa,2.1,0.1,57.0
8068586722,-8.0447686,-34.9523205,AGUA,0 a 20m,0 a 5º,0 a 10%,Baixa,8.0,0.2,16.0
8068589622,-8.0449033,-34.9522585,AGUA,0 a 20m,0 a 5º,0 a 10%,Baixa,8.0,0.2,16.0
8050889822,-8.0483995,-34.9590902,A2,0 a 20m,0 a 5º,0 a 10%,Baixa,6.7,0.4,20.0
8071309022,-8.0334902,-34.9544415,A2,0 a 20m,0 a 5º,0 a 10%,Baixa,49.1,1.3,14.0
8057033122,-8.0397271,-34.9888408,PV1,20 a 100m,5 a 30º,0 a 60%,Baixa,12.7,0.6,38.0
8057232422,-8.0354524,-34.9843629,PV1,20 a 100m,5 a 30º,0 a 60%,Baixa,12.7,0.6,58.0
8052718622,-8.0509143,-34.9313838,URBANO,0 a 20m,0 a 5º,0 a 10%,Baixa,20.2,0.5,12.0
8048743022,-8.0301482,-34.9774194,LVd2,20 a 100m,10 a 30º,0 a 60%,Media,1.0,0.2,85.0
8048746922,-8.0483995,-34.9590902,A2,0 a 20m,0 a 5º,0 a 10%,Baixa,1.0,0.2,20.0
8048751222,-8.0292046,-34.9768966,LVd2,20 a 100m,10 a 30º,0 a 60%,Baixa,1.0,0.2,73.0
8052694022,-8.1052294,-34.950483,PV1,20 a 100m,10 a 30º,0 a 60%,Baixa,20.2,0.5,49.0
8057768122,-8.0483995,-34.9590902,A2,0 a 20m,0 a 5º,0 a 10%,Baixa,12.7,1.3,20.0
8041486122,-8.0374812,-34.9795011,PV1,20 a 100m,10 a 30º,0 a 60%,Media,0.3,0.0,85.0
8027406422,-8.0483995,-34.9590902,A2,0 a 20m,0 a 5º,0 a 10%,Baixa,19.1,0.1,20.0
8027408722,-8.0483995,-34.9590902,A2,0 a 20m,0 a 5º,0 a 10%,Baixa,19.1,0.1,20.0
8027690422,-8.0450755,-34.9588579,A2,0 a 20m,0 a 5º,0 a 10%,Baixa,19.1,0.3,14.0
8078091022,-8.0402603,-34.9642488,PV1,20 a 100m,10 a 30º,0 a 60%,Media,8.0,0.4,32.0
8078847822,-8.037378799999999,-34.9722015,LVd2,20 a 100m,10 a 30º,0 a 60%,Media,0.6,0.0,51.0
8079038622,-8.0333727,-34.9549228,A2,0 a 20m,0 a 5º,0 a 10%,Baixa,0.6,0.0,14.0
8069027122,-8.0426565,-34.9602834,A2,0 a 40m,0 a 5º,0 a 15%,Baixa,8.1,0.0,15.0
8079807022,-8.0376502,-34.9510824,A2,0 a 20m,0 a 5º,0 a 10%,Baixa,1.4,0.0,15.0
8061599622,-8.037054099999999,-34.9579435,A2,0 a 20m,0 a 5º,0 a 10%,Baixa,26.5,0.7,11.0
8064124922,-8.037477299999999,-34.9761339,PV1,20 a 100m,10 a 30º,0 a 60%,Baixa,0.1,0.0,79.0
8064182922,-8.0371565,-34.9839693,PV1,20 a 100m,10 a 30º,0 a 60%,Media,0.1,0.1,58.0
8062116922,-8.037156,-34.9710462,LVd2,20 a 100m,10 a 30º,0 a 60%,Baixa,0.9,0.2,51.0
8069487222,-8.0411722,-34.9595065,A2,0 a 40m,0 a 5º,0 a 15%,Baixa,8.1,0.0,14.0
8064729822,-8.0783445,-34.9714716,PV1,10 a 40m,0 a 10º,0 a 20%,Baixa,0.1,0.0,21.0
8064733522,-8.078282100000001,-34.9715423,PV1,10 a 40m,0 a 10º,0 a 20%,Baixa,0.1,0.0,21.0
8072961322,-8.0801064,-34.971533,PV1,10 a 40m,0 a 10º,0 a 20%,Baixa,1.6,0.0,23.0
8075567422,-8.0801064,-34.971533,PV1,10 a 40m,0 a 10º,0 a 20%,Baixa,23.3,3.1,23.0
8071595322,-8.0795973,-34.9765555,PV1,10 a 40m,0 a 10º,0 a 20%,Baixa,14.5,0.1,23.0
8061433022,-8.080939,-34.9707888,PV1,10 a 40m,0 a 10º,0 a 20%,Baixa,26.5,0.0,26.0
8061656022,-8.0813721,-34.9701319,PV1,10 a 40m,0 a 10º,0 a 20%,Baixa,26.5,0.2,23.0
8042743822,-8.0860747,-34.9719884,PV1,20 a 100m,5 a 30º,0 a 60%,Media,5.4,1.3,22.0
8059128022,-8.068764,-34.8781355,URBANO,0 a 20m,0 a 5º,0 a 10%,Baixa,21.8,0.0,11.0
8057342422,-8.0781622,-34.97165469999999,PV1,10 a 40m,0 a 10º,0 a 20%,Baixa,12.7,0.9,21.0
8043711421,-8.0834041,-34.971142,PV1,20 a 100m,5 a 30º,0 a 60%,Baixa,19.0,1.2,25.0
8115026021,-8.0811477,-34.9649918,PV1,10 a 40m,0 a 10º,0 a 20%,Baixa,2.7,0.0,28.0
8078150722,-8.0608509,-34.9350536,HP,0 a 20m,0 a 5º,0 a 10%,Baixa,8.7,0.3,11.0
8078148222,-8.0602564,-34.9351481,HP,0 a 20m,0 a 5º,0 a 10%,Baixa,8.7,0.3,10.0
8065992422,-8.0739289,-34.9328672,HP,0 a 20m,0 a 5º,0 a 10%,Baixa,4.7,0.0,9.0
8066906422,-8.0679986,-34.9350416,HP,0 a 20m,0 a 5º,0 a 10%,Baixa,0.6,0.0,11.0
8074343522,-8.0667203,-34.93489,HP,0 a 20m,0 a 5º,0 a 10%,Baixa,15.2,0.4,11.0
8073704422,-8.0610496,-34.9387424,HP,0 a 20m,0 a 5º,0 a 10%,Baixa,0.6,0.0,12.0
8081748722,-8.059278,-34.9349042,A2,0 a 20m,0 a 5º,0 a 10%,Baixa,5.3,0.1,10.0
8081759922,-8.0591822,-34.9356364,A2,0 a 20m,0 a 5º,0 a 10%,Baixa,5.3,0.1,11.0
8081378522,-8.063789,-34.9402642,HP,0 a 20m,0 a 5º,0 a 10%,Baixa,2.9,0.0,11.0
8078553422,-8.0631496,-34.9346319,HP,0 a 20m,0 a 5º,0 a 10%,Baixa,1.7,0.0,8.0
8077301122,-8.0611374,-34.9381076,HP,0 a 20m,0 a 5º,0 a 10%,Baixa,20.5,1.1,12.0
8078153622,-8.0627549,-34.9351386,HP,0 a 20m,0 a 5º,0 a 10%,Baixa,8.7,0.2,8.0
8019272222,-8.0615054,-34.9394467,HP,0 a 20m,0 a 5º,0 a 10%,Baixa,3.2,0.1,12.0
8017629221,-8.012726299999999,-34.9166162,A2,20 a 100m,10 a 30º,0 a 60%,Media,9.6,0.2,53.0
8043920221,-8.0433714,-34.9166402,A2,0 a 20m,0 a 5º,0 a 5%,Baixa,19.0,0.4,7.0
8005399522,-8.0459763,-34.9108705,AGUA,0 a 20m,0 a 5º,0 a 10%,Baixa,3.0,0.0,16.0
8064779522,-8.1003117,-34.9389166,HP,0 a 40m,0 a 5º,0 a 15%,Baixa,0.1,0.0,6.0
8064785522,-8.089385,-34.9622366,URBANO,0 a 40m,0 a 5º,0 a 15%,Baixa,0.1,0.0,16.0
8064770822,-8.0892678,-34.9619169,URBANO,0 a 40m,0 a 5º,0 a 15%,Baixa,0.1,0.0,16.0
8064791522,-8.1003117,-34.9389166,HP,0 a 40m,0 a 5º,0 a 15%,Baixa,0.1,0.0,6.0
8064800422,-8.089385,-34.9622366,URBANO,0 a 40m,0 a 5º,0 a 15%,Baixa,0.1,0.0,16.0
8064814522,-8.089385,-34.9622366,URBANO,0 a 40m,0 a 5º,0 a 15%,Baixa,0.1,0.0,16.0
8064819722,-8.089385,-34.9622366,URBANO,0 a 40m,0 a 5º,0 a 15%,Baixa,0.1,0.0,16.0
8062618422,-8.0133107,-34.9120122,A2,20 a 100m,10 a 30º,0 a 60%,Media,7.4,0.5,65.0
8068678922,-8.0895665,-34.9603088,URBANO,0 a 40m,0 a 5º,0 a 15%,Baixa,8.0,0.1,19.0
8062035922,-8.0878433,-34.9640218,URBANO,0 a 40m,0 a 5º,0 a 15%,Baixa,0.9,0.0,17.0
8065692022,-8.0895665,-34.9603088,URBANO,0 a 40m,0 a 5º,0 a 15%,Baixa,4.7,0.1,19.0
8055709822,-8.0897991,-34.9579924,URBANO,0 a 40m,0 a 5º,0 a 15%,Baixa,83.0,7.9,14.0
8056143822,-8.089416400000001,-34.9588835,URBANO,0 a 40m,0 a 5º,0 a 15%,Baixa,83.0,0.4,19.0
8068180022,-8.0908252,-34.9630173,URBANO,0 a 40m,0 a 5º,0 a 15%,Baixa,1.2,0.0,16.0
8023089621,-8.0895665,-34.9603088,URBANO,0 a 40m,0 a 5º,0 a 15%,Baixa,3.2,0.2,19.0
8111239021,-8.0657639,-34.87737850000001,URBANO,0 a 20m,0 a 5º,0 a 10%,Baixa,8.6,1.0,14.0
8037699422,-8.0687106,-34.8787701,URBANO,0 a 20m,0 a 5º,0 a 10%,Baixa,5.1,0.0,12.0
8080331522,-8.0899273,-34.9638528,URBANO,0 a 40m,0 a 5º,0 a 15%,Baixa,0.5,0.0,16.0
8080329022,-8.0899273,-34.9638528,URBANO,0 a 40m,0 a 5º,0 a 15%,Baixa,0.5,0.0,16.0
8065300522,-8.0895665,-34.9603088,URBANO,0 a 40m,0 a 5º,0 a 15%,Baixa,3.0,0.0,19.0
8034267821,-8.0404459,-34.9181448,A2,0 a 20m,0 a 5º,0 a 10%,Baixa,2.3,0.0,10.0
8084799321,-8.0465015,-34.8828596,URBANO,0 a 20m,0 a 5º,0 a 10%,Baixa,0.7,0.2,8.0
8018200021,-8.0464261,-34.8891442,URBANO,0 a 20m,0 a 5º,0 a 10%,Baixa,9.6,0.2,10.0
8037510021,-8.042828199999999,-34.8830064,URBANO,0 a 20m,0 a 5º,0 a 10%,Baixa,4.3,0.2,7.0
8031092221,-8.067091999999999,-34.923714,HP,0 a 20m,0 a 5º,0 a 10%,Baixa,9.6,0.2,12.0
8065242522,-8.0862837,-34.9641961,PV1,10 a 40m,0 a 10º,0 a 20%,Baixa,3.0,0.0,30.0
8038325221,-8.0848599,-34.9598941,PV1,10 a 40m,0 a 10º,0 a 20%,Baixa,7.6,0.3,22.0
8068677421,-8.0880853,-34.9559861,URBANO,10 a 40m,0 a 10º,0 a 20%,Baixa,5.2,0.1,26.0
8094285221,-8.0857082,-34.9640715,PV1,10 a 40m,0 a 10º,0 a 20%,Baixa,0.7,0.0,30.0
8013948422,-8.0854412,-34.9588311,PV1,0 a 40m,0 a 5º,0 a 15%,Baixa,1.3,0.0,24.0
8073481522,-8.0527524,-34.8780265,URBANO,0 a 20m,0 a 5º,0 a 10%,Baixa,3.1,0.0,10.0
8064737022,-8.036816,-34.9238265,A2,0 a 40m,0 a 5º,0 a 15%,Baixa,0.1,0.0,10.0
8070453022,-8.0553599,-34.9144573,URBANO,0 a 20m,0 a 5º,0 a 10%,Baixa,0.6,0.0,8.0
8002664022,-8.0570994,-34.912715,URBANO,0 a 20m,0 a 5º,0 a 10%,Baixa,1.1,0.0,8.0
8006334621,-8.0337507,-34.8982376,URBANO,0 a 20m,0 a 5º,0 a 10%,Baixa,4.3,0.2,10.0
8077439322,-8.0765199,-34.9318878,HP,0 a 40m,0 a 5º,0 a 15%,Baixa,20.5,0.4,6.0
8055911122,-8.0819834,-34.8795947,HP,0 a 20m,0 a 5º,0 a 10%,Baixa,94.0,5.3,6.0
8028400121,-8.0925423,-34.8915358,HP,0 a 40m,0 a 5º,0 a 15%,Baixa,2.8,0.0,6.0
8053630522,-8.0194873,-34.87988,URBANO,0 a 40m,0 a 5º,0 a 15%,Baixa,29.7,0.2,8.0
8015470621,-7.9908846,-34.9281356,LVd4,0 a 40m,0 a 5º,0 a 15%,Media,0.3,0.0,31.0
8058748422,-7.9816778,-34.91723229999999,LVd4,0 a 40m,0 a 5º,0 a 15%,Media,19.8,1.5,22.0
8058787022,-7.9808544,-34.9182364,LVd4,0 a 40m,0 a 5º,0 a 15%,Baixa,19.8,1.5,24.0
8022224522,-8.0561355,-34.8718086,URBANO,0 a 20m,0 a 5º,0 a 10%,Baixa,1.7,0.1,11.0
8024249522,-7.983788000000001,-34.9281233,LVd4,20 a 100m,10 a 30º,0 a 60%,Alta,5.0,0.2,41.0
8005329722,-7.982891299999999,-34.915141,LVd4,0 a 40m,0 a 5º,0 a 15%,Baixa,3.0,0.0,30.0
8110710021,-7.9864327,-34.9215403,LVd4,20 a 100m,10 a 30º,0 a 60%,Media,2.2,0.0,45.0
8094305321,-7.984999699999999,-34.9286749,LVd4,20 a 100m,10 a 30º,0 a 60%,Baixa,0.7,0.1,41.0
8069161121,-7.9780971,-34.9178124,LVd4,20 a 100m,10 a 30º,0 a 60%,Media,10.8,0.1,34.0
8049797821,-7.9764595,-34.9174021,LVd4,20 a 100m,10 a 30º,0 a 60%,Media,0.7,0.1,47.0
8049934521,-7.992655599999999,-34.9236454,LVd4,20 a 100m,10 a 30º,0 a 60%,Media,0.7,0.0,71.0
8041156321,-8.0065857,-34.9088154,URBANO,20 a 100m,10 a 30º,0 a 60%,Baixa,4.4,0.1,14.0
8044448521,-7.976926400000001,-34.9191807,LVd4,0 a 40m,0 a 5º,0 a 15%,Baixa,2.9,0.0,26.0
8032315521,-7.990442199999999,-34.9267466,LVd4,20 a 100m,10 a 30º,0 a 60%,Media,7.2,0.1,44.0
8032741421,-7.984672699999999,-34.9272833,LVd4,20 a 100m,10 a 30º,0 a 60%,Media,9.6,1.6,41.0
8009790221,-7.9841697,-34.93133,LVd4,20 a 100m,10 a 30º,0 a 60%,Media,0.0,0.0,48.0
8007258121,-7.9806425,-34.9196882,LVd4,0 a 40m,0 a 5º,0 a 15%,Baixa,3.3,0.1,26.0
8070574222,-7.9853767,-34.9286802,LVd4,20 a 100m,10 a 30º,0 a 60%,Baixa,0.6,0.0,41.0
8061463722,-7.9869042,-34.9200193,LVd4,20 a 100m,10 a 30º,0 a 60%,Media,26.5,0.5,47.0
8068338322,-7.9870014,-34.9314611,LVd4,0 a 40m,0 a 5º,0 a 15%,Baixa,1.2,0.0,31.0
8068342022,-7.986824700000001,-34.9313656,LVd4,0 a 40m,0 a 5º,0 a 15%,Baixa,1.2,0.0,31.0
8058615422,-7.981002299999998,-34.9169279,LVd4,20 a 100m,10 a 30º,0 a 60%,Media,19.8,0.4,24.0
8052605722,-7.990532699999999,-34.9298696,LVd4,20 a 100m,10 a 30º,0 a 60%,Baixa,20.2,2.3,33.0
8055837622,-7.982054700000001,-34.9284891,LVd4,20 a 100m,10 a 30º,0 a 60%,Media,83.0,3.5,84.0
8052963022,-7.997350699999999,-34.9238315,LVd4,0 a 40m,0 a 5º,0 a 15%,Baixa,20.2,0.5,28.0
8056443122,-7.983274799999999,-34.9174625,LVd4,0 a 40m,0 a 5º,0 a 15%,Baixa,35.6,0.3,22.0
8052603422,-7.9916787,-34.9283579,LVd4,20 a 100m,10 a 30º,0 a 60%,Baixa,20.2,2.3,28.0
8059087122,-7.9869042,-34.9200193,LVd4,20 a 100m,10 a 30º,0 a 60%,Media,19.8,0.0,47.0
8058856122,-7.9772327,-34.9196559,LVd4,0 a 40m,0 a 5º,0 a 15%,Baixa,19.8,1.2,26.0
8058898622,-7.978472599999999,-34.9217609,LVd4,20 a 100m,10 a 30º,0 a 60%,Baixa,19.8,1.2,30.0
8058741022,-7.981407999999999,-34.9173166,LVd4,20 a 100m,10 a 30º,0 a 60%,Media,19.8,1.5,22.0
8068570322,-7.986840099999998,-34.9312616,LVd4,0 a 40m,0 a 5º,0 a 15%,Baixa,8.0,0.2,31.0
8073844022,-7.9853767,-34.9286802,LVd4,20 a 100m,10 a 30º,0 a 60%,Baixa,0.6,0.0,41.0
8063756122,-7.9872346,-34.9184266,LVd4,0 a 40m,0 a 5º,0 a 15%,Baixa,14.2,0.1,30.0
8064392322,-7.9850545,-34.9301999,LVd4,20 a 100m,10 a 30º,0 a 60%,Media,0.1,0.0,61.0
8066054822,-7.9849051,-34.9169221,LVd4,0 a 40m,0 a 5º,0 a 15%,Baixa,4.7,0.1,33.0
8062875722,-7.9772327,-34.9196559,LVd4,0 a 40m,0 a 5º,0 a 15%,Baixa,7.4,0.3,26.0
8063829922,-7.986195899999999,-34.9171586,LVd4,0 a 40m,0 a 5º,0 a 15%,Baixa,14.2,0.1,30.0
8061494022,-7.9810579,-34.9165065,LVd4,20 a 100m,10 a 30º,0 a 60%,Media,26.5,0.2,66.0
8062151922,-7.985965800000001,-34.927524,LVd4,20 a 100m,10 a 30º,0 a 60%,Media,0.9,0.0,47.0
8064130922,-7.9816071,-34.9174679,LVd4,0 a 40m,0 a 5º,0 a 15%,Baixa,0.1,0.1,22.0
8071059422,-7.9876456,-34.9241434,LVd4,20 a 100m,10 a 30º,0 a 60%,Media,49.1,5.0,40.0
8060104322,-7.9846559,-34.9163592,LVd4,0 a 40m,0 a 5º,0 a 15%,Baixa,2.9,0.0,23.0
8059486322,-8.1139622,-34.9553053,PV1,20 a 100m,10 a 30º,0 a 60%,Baixa,2.9,0.2,86.0
8067478622,-7.9839874,-34.9157941,LVd4,0 a 40m,0 a 5º,0 a 15%,Baixa,0.7,0.2,23.0
8059493022,-7.979957099999999,-34.9151219,LVd4,20 a 100m,10 a 30º,0 a 60%,Media,2.9,0.2,66.0
8081051622,-7.984316199999999,-34.9283852,LVd4,20 a 100m,10 a 30º,0 a 60%,Media,2.9,0.3,41.0
8074841522,-7.9802613,-34.9191099,LVd4,0 a 40m,0 a 5º,0 a 15%,Baixa,12.4,0.0,26.0
8074729022,-7.9795661,-34.9181994,LVd4,0 a 40m,0 a 5º,0 a 15%,Baixa,12.4,0.2,24.0
8068491622,-7.979957099999999,-34.9151219,LVd4,20 a 100m,10 a 30º,0 a 60%,Media,8.0,0.4,66.0
8074398422,-8.0063665,-34.8889022,LVd4,20 a 100m,10 a 30º,0 a 60%,Baixa,20.6,0.0,12.0
8040330021,-8.0049884,-34.9289175,LVd4,20 a 100m,10 a 30º,0 a 60%,Baixa,1.4,0.1,63.0
8040333921,-8.0049884,-34.9289175,LVd4,20 a 100m,10 a 30º,0 a 60%,Baixa,1.4,0.1,63.0
8033911021,-8.000928,-34.9298604,LVd4,20 a 100m,10 a 30º,0 a 60%,Media,2.3,0.0,35.0
8036607021,-7.998070999999999,-34.932678,LVd4,20 a 100m,10 a 30º,0 a 60%,Alta,3.6,0.1,43.0
8032271821,-7.9977286,-34.9288142,LVd4,20 a 100m,10 a 30º,0 a 60%,Alta,7.2,0.0,70.0
8034057321,-7.998783500000001,-34.9267855,LVd4,20 a 100m,10 a 30º,0 a 60%,Media,2.3,0.1,66.0
8032705821,-7.998383100000001,-34.9325734,LVd4,20 a 100m,10 a 30º,0 a 60%,Alta,9.6,0.1,43.0
8024698621,-8.0028869,-34.9274109,LVd4,20 a 100m,10 a 30º,0 a 60%,Baixa,2.8,0.0,45.0
8027085521,-8.009967099999999,-34.9256679,A2,20 a 100m,10 a 30º,0 a 60%,Alta,4.4,0.0,53.0
8011073221,-8.0044798,-34.9310503,LVd4,20 a 100m,10 a 30º,0 a 60%,Media,2.3,0.1,61.0
8010790221,-7.9977739,-34.9282543,LVd4,20 a 100m,10 a 30º,0 a 60%,Alta,2.3,0.1,70.0
8052874822,-8.0030199,-34.9325575,LVd4,20 a 100m,10 a 30º,0 a 60%,Media,20.2,0.4,52.0
8057749722,-8.0065857,-34.9088154,URBANO,20 a 100m,10 a 30º,0 a 60%,Baixa,12.7,0.1,14.0
8026966622,-8.002303,-34.9271487,LVd4,20 a 100m,10 a 30º,0 a 60%,Baixa,20.8,4.6,45.0
8005018122,-8.0123213,-34.923752,A2,20 a 100m,10 a 30º,0 a 60%,Baixa,4.2,0.0,57.0
8079205121,-7.9989373,-34.932286,LVd4,20 a 100m,10 a 30º,0 a 60%,Baixa,0.8,0.1,43.0
8086871321,-8.008746499999999,-34.9242156,A2,20 a 100m,10 a 30º,0 a 60%,Media,4.6,0.2,66.0
8063677621,-7.9964558,-34.9314931,LVd4,20 a 100m,10 a 30º,0 a 60%,Media,7.5,0.1,72.0
8061009621,-8.0029141,-34.9259624,LVd4,20 a 100m,10 a 30º,0 a 60%,Media,3.4,0.1,46.0
8055351821,-8.010079000000001,-34.9234205,A2,20 a 100m,10 a 30º,0 a 60%,Baixa,1.5,0.1,66.0
8059956121,-7.9983647,-34.9280494,LVd4,20 a 100m,10 a 30º,0 a 60%,Alta,0.6,0.0,32.0
8055349321,-8.003298,-34.9254061,LVd4,20 a 100m,10 a 30º,0 a 60%,Media,1.5,0.1,46.0
8054643521,-8.0040851,-34.9330242,LVd4,20 a 100m,10 a 30º,0 a 60%,Media,14.3,2.7,52.0
8045003721,-7.9965052,-34.9252487,LVd4,20 a 100m,10 a 30º,0 a 60%,Baixa,3.6,0.1,40.0
8041108921,-8.0095134,-34.9255628,A2,20 a 100m,10 a 30º,0 a 60%,Alta,4.4,0.1,53.0
8040327921,-8.0049884,-34.9289175,LVd4,20 a 100m,10 a 30º,0 a 60%,Baixa,1.4,0.1,63.0
8064290622,-8.0066375,-34.9088805,URBANO,0 a 40m,0 a 5º,0 a 15%,Baixa,0.1,0.0,14.0
8062805922,-8.0055003,-34.9304367,LVd4,20 a 100m,10 a 30º,0 a 60%,Media,7.4,0.3,61.0
8061705022,-7.9971886,-34.9303789,LVd4,20 a 100m,10 a 30º,0 a 60%,Media,26.5,0.5,41.0
8063320922,-8.0065665,-34.9088677,URBANO,20 a 100m,10 a 30º,0 a 60%,Baixa,14.2,0.8,14.0
8063573422,-7.9974209,-34.9249979,LVd4,20 a 100m,10 a 30º,0 a 60%,Baixa,14.2,0.2,28.0
8064110822,-7.9957364,-34.9257898,LVd4,20 a 100m,10 a 30º,0 a 60%,Baixa,0.1,0.0,26.0
8063159322,-8.0055145,-34.93019,LVd4,20 a 100m,10 a 30º,0 a 60%,Media,14.2,1.4,61.0
8072381722,-7.999621599999999,-34.9281835,LVd4,20 a 100m,10 a 30º,0 a 60%,Media,1.5,0.0,32.0
8061843422,-7.997447,-34.9243806,LVd4,0 a 40m,0 a 5º,0 a 15%,Baixa,9.4,2.3,28.0
8067377522,-7.993837300000001,-34.9273922,LVd4,20 a 100m,10 a 30º,0 a 60%,Baixa,0.7,0.2,45.0
8071266022,-7.9971886,-34.9303789,LVd4,20 a 100m,10 a 30º,0 a 60%,Media,49.1,1.1,41.0
8058433322,-7.9999798,-34.9212903,LVd4,0 a 40m,0 a 5º,0 a 15%,Baixa,19.8,3.1,23.0
8054399522,-7.999621599999999,-34.9281835,LVd4,20 a 100m,10 a 30º,0 a 60%,Media,4.1,0.0,32.0
8039167121,-8.072148499999999,-34.9220262,HP,0 a 20m,0 a 5º,0 a 10%,Baixa,8.8,0.3,8.0
8080538922,-8.0080861,-34.9233136,A2,20 a 100m,10 a 30º,0 a 60%,Media,8.0,0.4,33.0
8077494422,-8.0194486,-34.9265968,A2,20 a 100m,10 a 30º,0 a 60%,Baixa,20.5,0.2,19.0
8076296422,-8.0031357,-34.92947,LVd4,20 a 100m,10 a 30º,0 a 60%,Media,9.4,0.3,63.0
8081730022,-7.999621599999999,-34.9281835,LVd4,20 a 100m,10 a 30º,0 a 60%,Media,5.3,0.1,32.0
8065386722,-7.998552,-34.9244982,LVd4,20 a 100m,10 a 30º,0 a 60%,Media,3.0,0.0,28.0
8066092722,-7.9979858,-34.93002269999999,LVd4,20 a 100m,10 a 30º,0 a 60%,Baixa,4.7,0.1,42.0
8065329322,-7.997447,-34.9243806,LVd4,0 a 40m,0 a 5º,0 a 15%,Baixa,3.0,0.0,28.0
8065895922,-7.997447,-34.9243806,LVd4,0 a 40m,0 a 5º,0 a 15%,Baixa,4.7,0.2,28.0
8065160922,-7.9972701,-34.9240785,LVd4,0 a 40m,0 a 5º,0 a 15%,Baixa,3.0,0.0,28.0
8061711022,-7.998383100000001,-34.9325734,LVd4,20 a 100m,10 a 30º,0 a 60%,Alta,26.5,0.5,43.0
8062579922,-7.9992886,-34.9285636,LVd4,20 a 100m,10 a 30º,0 a 60%,Media,7.4,0.5,32.0
8009730822,-8.0178046,-34.9146621,URBANO,20 a 100m,10 a 30º,0 a 60%,Media,3.0,0.0,39.0
8009025222,-8.0781054,-34.9217976,HP,0 a 20m,0 a 5º,0 a 10%,Baixa,20.1,0.3,8.0
8026200322,-8.0798655,-34.9196274,HP,0 a 20m,0 a 5º,0 a 10%,Baixa,5.0,0.0,8.0
8065695022,-8.0794155,-34.9226093,HP,0 a 20m,0 a 5º,0 a 10%,Baixa,4.7,0.1,7.0
8055877822,-8.025565,-34.9299881,A2,20 a 100m,10 a 30º,0 a 60%,Baixa,83.0,3.5,17.0
8062059522,-8.0278235,-34.9295319,AGUA,0 a 40m,0 a 5º,0 a 15%,Baixa,0.9,0.3,12.0
8071662222,-8.0578592,-34.9045289,URBANO,0 a 20m,0 a 5º,0 a 10%,Baixa,11.6,2.1,11.0
8045108321,-8.054966499999999,-34.9112046,URBANO,0 a 20m,0 a 5º,0 a 10%,Baixa,3.6,0.2,9.0
8054834521,-8.0558557,-34.90561599999999,URBANO,0 a 20m,0 a 5º,0 a 10%,Baixa,14.3,0.1,9.0
8053638821,-8.0098991,-34.9304697,A2,20 a 100m,10 a 30º,0 a 60%,Media,3.6,0.1,43.0
8028289321,-8.0053661,-34.9358447,LVd4,20 a 100m,10 a 30º,0 a 60%,Baixa,2.8,0.1,31.0
8079352222,-8.0384017,-34.8800616,URBANO,0 a 40m,0 a 5º,0 a 15%,Baixa,9.2,0.0,4.0
8056227722,-8.0062921,-34.931549,LVd4,20 a 100m,10 a 30º,0 a 60%,Media,83.0,0.5,31.0
8011253922,-8.0153771,-34.9274081,A2,20 a 100m,10 a 30º,0 a 60%,Baixa,0.6,0.0,19.0
8018687422,-8.0160932,-34.9277373,A2,20 a 100m,10 a 30º,0 a 60%,Media,1.1,0.0,19.0
8004903122,-8.0105421,-34.93089,A2,20 a 100m,10 a 30º,0 a 60%,Baixa,11.0,0.3,31.0
8098674321,-8.0087504,-34.9300563,A2,20 a 100m,10 a 30º,0 a 60%,Media,0.2,0.0,43.0
8062767121,-8.015890299999999,-34.9276738,A2,20 a 100m,10 a 30º,0 a 60%,Media,3.3,0.1,19.0
8066811521,-8.0105421,-34.93089,A2,20 a 100m,10 a 30º,0 a 60%,Baixa,0.3,0.0,31.0
8065949122,-8.0066238,-34.9091136,URBANO,20 a 100m,10 a 30º,0 a 60%,Baixa,4.7,0.2,14.0
8068192922,-8.0074457,-34.908605,URBANO,0 a 40m,0 a 5º,0 a 15%,Baixa,1.2,0.0,14.0
8069034822,-8.0074457,-34.908605,URBANO,0 a 40m,0 a 5º,0 a 15%,Baixa,8.1,0.0,14.0
8056763622,-8.019064499999999,-34.9063282,URBANO,20 a 100m,10 a 30º,0 a 60%,Media,35.6,0.4,17.0
8052560322,-8.0074303,-34.9080787,URBANO,0 a 40m,0 a 5º,0 a 15%,Baixa,20.2,0.3,15.0
8048085222,-8.0074419,-34.90985060000001,URBANO,0 a 40m,0 a 5º,0 a 15%,Baixa,3.0,0.1,14.0
8051792822,-8.0063687,-34.9004135,URBANO,20 a 100m,10 a 30º,0 a 60%,Media,27.7,0.2,28.0
8051207822,-8.012313,-34.9081265,A2,20 a 100m,10 a 30º,0 a 60%,Media,17.1,0.4,36.0
8032507022,-8.0108929,-34.909932,A2,20 a 100m,10 a 30º,0 a 60%,Alta,2.6,0.3,51.0
8103774721,-8.0170563,-34.907052,A2,20 a 100m,10 a 30º,0 a 60%,Media,0.4,0.1,32.0
8046187421,-8.0077454,-34.8988931,URBANO,20 a 100m,10 a 30º,0 a 60%,Baixa,1.3,0.0,47.0
8064311322,-8.1334336,-34.9462588,LVd2,20 a 100m,10 a 30º,0 a 60%,Media,0.1,0.0,43.0
8059295322,-8.1313953,-34.9339608,LVd2,20 a 100m,10 a 30º,0 a 60%,Alta,2.9,0.1,61.0
8069426322,-8.1406031,-34.9291438,LVd2,0 a 40m,0 a 5º,0 a 15%,Baixa,8.1,0.0,16.0
8054066622,-8.1362211,-34.9397337,LVd2,20 a 100m,10 a 30º,0 a 60%,Media,4.1,0.1,41.0
8051739022,-8.1406031,-34.9291438,LVd2,0 a 40m,0 a 5º,0 a 15%,Baixa,17.1,0.5,16.0
8029598021,-8.1341842,-34.9437878,LVd2,20 a 100m,10 a 30º,0 a 60%,Baixa,1.9,0.0,65.0
8072175822,-8.0942759,-34.9216692,HP,0 a 40m,0 a 5º,0 a 15%,Baixa,1.5,0.0,13.0
8066427922,-8.0854827,-34.9238162,URBANO,0 a 20m,0 a 5º,0 a 10%,Baixa,21.9,2.2,7.0
8000031022,-8.0373354,-34.9337338,URBANO,0 a 20m,0 a 5º,0 a 10%,Baixa,2.3,0.1,9.0
8053665322,-8.0278836,-34.93313790000001,A2,0 a 40m,0 a 5º,0 a 15%,Baixa,20.2,0.7,8.0
8052919122,-8.029635599999999,-34.9316542,AGUA,0 a 20m,0 a 5º,0 a 10%,Baixa,20.2,0.5,9.0
8055775022,-8.028411799999999,-34.9409916,A2,0 a 40m,0 a 5º,0 a 15%,Baixa,83.0,7.5,7.0
8105374621,-8.038437,-34.9307499,A2,0 a 20m,0 a 5º,0 a 10%,Baixa,1.9,0.0,9.0
8000139721,-8.0389375,-34.9410729,A2,0 a 20m,0 a 5º,0 a 10%,Baixa,2.1,0.2,16.0
8025349521,-8.0344332,-34.9396719,A2,0 a 20m,0 a 5º,0 a 10%,Baixa,1.6,0.1,11.0
8002856821,-8.0348475,-34.9409293,A2,0 a 20m,0 a 5º,0 a 10%,Baixa,3.1,0.0,11.0
8067635422,-8.0280457,-34.9371435,A2,0 a 40m,0 a 5º,0 a 15%,Baixa,0.7,0.0,8.0
8077335322,-8.0318366,-34.9285003,A2,0 a 40m,0 a 5º,0 a 15%,Baixa,20.5,2.6,10.0
8071787022,-8.0333081,-34.9275352,A2,0 a 40m,0 a 5º,0 a 15%,Baixa,0.8,0.0,10.0
8071791722,-8.0318366,-34.9285003,A2,0 a 40m,0 a 5º,0 a 15%,Baixa,0.8,0.0,10.0
8063205522,-8.038660799999999,-34.9329047,A2,0 a 20m,0 a 5º,0 a 10%,Baixa,14.2,1.1,11.0
8053031422,-8.0289014,-34.9315444,AGUA,0 a 20m,0 a 5º,0 a 10%,Baixa,20.2,1.5,8.0
8053019422,-8.0367116,-34.9353394,URBANO,0 a 20m,0 a 5º,0 a 10%,Baixa,20.2,1.5,9.0
8053762922,-8.0367116,-34.9353394,URBANO,0 a 20m,0 a 5º,0 a 10%,Baixa,20.2,0.7,9.0
8056677222,-8.0281894,-34.9310852,A2,0 a 40m,0 a 5º,0 a 15%,Baixa,35.6,0.0,12.0
8071781122,-8.0333081,-34.9275352,A2,0 a 40m,0 a 5º,0 a 15%,Baixa,0.8,0.0,10.0
8071783422,-8.0318366,-34.9285003,A2,0 a 40m,0 a 5º,0 a 15%,Baixa,0.8,0.0,10.0
8009782822,-8.104726,-34.9178741,HP,0 a 40m,0 a 5º,0 a 15%,Baixa,3.0,0.0,6.0
8056207622,-8.1087779,-34.924817,HP,0 a 20m,0 a 5º,0 a 10%,Baixa,83.0,0.0,7.0
8056301222,-8.1068265,-34.9168069,HP,0 a 20m,0 a 5º,0 a 10%,Baixa,83.0,1.3,7.0
8055885022,-8.1069392,-34.9247218,HP,0 a 20m,0 a 5º,0 a 10%,Baixa,83.0,3.5,5.0
8056340822,-8.1128625,-34.9161874,HP,0 a 20m,0 a 5º,0 a 5%,Baixa,35.6,4.0,8.0
8056554822,-8.1055983,-34.9168672,HP,0 a 40m,0 a 5º,0 a 15%,Baixa,35.6,0.0,6.0
8043261921,-8.1030837,-34.9252468,HP,0 a 20m,0 a 5º,0 a 10%,Baixa,17.8,0.2,6.0
8054684321,-8.1164769,-34.9209922,HP,0 a 20m,0 a 5º,0 a 10%,Baixa,14.3,2.7,10.0
8065217022,-8.1059163,-34.9243886,HP,0 a 20m,0 a 5º,0 a 10%,Baixa,3.0,0.0,4.0
8072208322,-8.1054087,-34.9215651,HP,0 a 20m,0 a 5º,0 a 10%,Baixa,1.5,0.0,7.0
8077851122,-8.1066002,-34.9246694,HP,0 a 20m,0 a 5º,0 a 10%,Baixa,8.0,0.3,5.0
8078484222,-8.1073819,-34.9232073,HP,0 a 20m,0 a 5º,0 a 10%,Baixa,1.7,0.0,5.0
8080263022,-8.1108134,-34.9239103,HP,0 a 20m,0 a 5º,0 a 10%,Baixa,0.5,0.0,11.0
8078834322,-8.1122213,-34.9170435,HP,0 a 20m,0 a 5º,0 a 10%,Baixa,0.6,0.0,7.0
8072900422,-8.1117108,-34.9160633,HP,0 a 20m,0 a 5º,0 a 10%,Baixa,1.6,0.2,7.0
8075611322,-8.111117499999999,-34.9074293,HP,0 a 20m,0 a 5º,0 a 10%,Baixa,23.3,0.8,9.0
8052519322,-8.1078008,-34.9060859,HP,0 a 20m,0 a 5º,0 a 10%,Baixa,29.7,2.9,5.0
8056092422,-8.1026943,-34.9151145,HP,0 a 40m,0 a 5º,0 a 15%,Baixa,83.0,0.6,3.0
8056644921,-8.1047643,-34.908426,HP,0 a 20m,0 a 5º,0 a 10%,Baixa,1.1,0.3,11.0
8062680321,-8.090055399999999,-34.9110644,HP,0 a 20m,0 a 5º,0 a 10%,Baixa,3.3,0.2,7.0
8042646421,-8.1113159,-34.9077277,HP,0 a 40m,0 a 5º,0 a 15%,Baixa,17.8,1.1,9.0
8018744021,-8.070690599999999,-34.8968019,URBANO,0 a 40m,0 a 5º,0 a 15%,Baixa,3.7,0.1,3.0
8077413422,-8.0980082,-34.917975,HP,0 a 40m,0 a 5º,0 a 15%,Baixa,20.5,0.4,8.0
8080563322,-8.0960619,-34.9194908,HP,0 a 40m,0 a 5º,0 a 15%,Baixa,8.0,0.2,1.0
8080549022,-8.0965743,-34.9196325,HP,0 a 40m,0 a 5º,0 a 15%,Baixa,8.0,0.3,1.0
8073061622,-8.0890073,-34.9050045,HP,0 a 40m,0 a 5º,0 a 15%,Baixa,1.6,0.0,7.0
8069019922,-8.0996017,-34.9126483,HP,0 a 20m,0 a 5º,0 a 10%,Baixa,8.1,0.0,7.0
8073074022,-8.0891509,-34.9050999,HP,0 a 40m,0 a 5º,0 a 15%,Baixa,1.6,0.0,7.0
8056943422,-8.0653246,-34.90798880000001,URBANO,0 a 20m,0 a 5º,0 a 10%,Baixa,12.7,0.3,7.0
8076712822,-8.0659692,-34.9059693,URBANO,0 a 40m,0 a 5º,0 a 15%,Baixa,3.7,0.0,7.0
8062100522,-8.070690599999999,-34.8968019,URBANO,0 a 40m,0 a 5º,0 a 15%,Baixa,2.5,0.2,3.0
8025109421,-8.1101747,-34.9405951,LVd2,0 a 20m,0 a 5º,0 a 10%,Baixa,3.0,0.0,18.0
8076815122,-8.1122967,-34.9379263,LVd2,0 a 20m,0 a 5º,0 a 10%,Baixa,3.7,0.1,18.0
8079918622,-8.1094859,-34.9392257,LVd2,0 a 20m,0 a 5º,0 a 10%,Baixa,1.4,0.0,11.0
8055780422,-8.129321,-34.9330022,LVd2,0 a 20m,0 a 5º,0 a 10%,Baixa,83.0,7.5,16.0
8110220321,-8.1094859,-34.9392257,LVd2,0 a 20m,0 a 5º,0 a 10%,Baixa,2.4,0.1,11.0
8015206721,-8.1132262,-34.9491356,LVd2,20 a 100m,10 a 30º,0 a 60%,Media,0.3,0.0,81.0
8008198221,-8.1290195,-34.9513578,LVd2,20 a 100m,10 a 30º,0 a 60%,Media,1.7,0.5,38.0
8004163021,-8.1246912,-34.9518791,LVd2,20 a 100m,10 a 30º,0 a 60%,Media,4.2,0.1,32.0
8003815321,-8.1255025,-34.9425505,LVd2,20 a 100m,10 a 30º,0 a 60%,Baixa,4.5,0.1,54.0
8007660421,-8.087023,-34.971542,PV1,0 a 40m,0 a 5º,0 a 15%,Baixa,4.0,0.2,22.0
8044987321,-8.0426019,-34.9336902,URBANO,0 a 20m,0 a 5º,0 a 10%,Baixa,0.9,0.0,12.0
8044174221,-8.1289205,-34.9458192,LVd2,20 a 100m,10 a 30º,0 a 60%,Media,19.0,0.8,35.0
8034615621,-8.119110599999999,-34.9498691,LVd2,20 a 100m,10 a 30º,0 a 60%,Media,3.0,0.3,74.0
8032968921,-8.1105568,-34.93699350000001,LVd2,0 a 40m,0 a 5º,0 a 15%,Baixa,9.6,0.4,7.0
8030758721,-8.1214326,-34.9447489,LVd2,20 a 100m,10 a 30º,0 a 60%,Media,9.6,0.4,62.0
8032910021,-8.120777499999999,-34.9571545,LVd2,20 a 100m,10 a 30º,0 a 60%,Media,9.6,0.5,81.0
8034079721,-8.1139818,-34.9488643,LVd2,20 a 100m,10 a 30º,0 a 60%,Media,2.3,0.1,81.0
8035617221,-8.1105568,-34.93699350000001,LVd2,0 a 40m,0 a 5º,0 a 15%,Baixa,2.1,0.2,7.0
8035214521,-8.120294,-34.9401213,LVd2,20 a 100m,10 a 30º,0 a 60%,Alta,1.6,0.1,47.0
8032693021,-8.1208537,-34.9395867,LVd2,20 a 100m,10 a 30º,0 a 60%,Alta,9.6,0.1,76.0
8034755221,-8.1155531,-34.9575242,PV1,20 a 100m,10 a 30º,0 a 60%,Media,3.0,0.0,47.0
8024066021,-8.1209793,-34.9511921,LVd2,20 a 100m,10 a 30º,0 a 60%,Media,0.0,0.0,33.0
8023265921,-8.1278731,-34.951007,LVd2,0 a 40m,0 a 5º,0 a 15%,Media,1.3,0.1,38.0
8014476021,-8.103359,-34.9323842,HP,0 a 20m,0 a 5º,0 a 10%,Baixa,0.0,0.0,10.0
8105748321,-8.1248001,-34.9521868,LVd2,20 a 100m,10 a 30º,0 a 60%,Media,3.4,0.0,66.0
8102049721,-8.1155578,-34.9575165,PV1,20 a 100m,10 a 30º,0 a 60%,Media,3.7,0.3,47.0
8103710921,-8.115931699999999,-34.9563298,PV1,20 a 100m,10 a 30º,0 a 60%,Media,0.4,0.1,47.0
8097212621,-8.109358,-34.9501146,PV1,20 a 100m,10 a 30º,0 a 60%,Baixa,1.4,0.0,50.0
8088810121,-8.1208537,-34.9395867,LVd2,20 a 100m,10 a 30º,0 a 60%,Alta,2.7,0.3,76.0
8093999121,-8.1098295,-34.939001,LVd2,0 a 20m,0 a 5º,0 a 10%,Baixa,2.0,0.1,11.0
8084865621,-8.1258532,-34.9591159,A2,20 a 100m,10 a 30º,0 a 60%,Media,0.7,0.1,33.0
8067350121,-8.1250343,-34.9543729,LVd2,20 a 100m,10 a 30º,0 a 60%,Alta,5.2,0.1,32.0
8062206021,-8.115133199999999,-34.9564019,PV1,20 a 100m,10 a 30º,0 a 60%,Media,5.4,0.1,47.0
8057351521,-8.113864,-34.9575222,PV1,20 a 100m,10 a 30º,0 a 60%,Media,10.7,0.4,74.0
8049749321,-8.127523499999999,-34.9505188,LVd2,0 a 40m,0 a 5º,0 a 15%,Baixa,0.7,0.0,38.0
8057347821,-8.087358000000002,-34.9715086,PV1,0 a 40m,0 a 5º,0 a 15%,Baixa,10.7,0.4,22.0
8048368621,-8.1232825,-34.9591462,A2,20 a 100m,10 a 30º,0 a 60%,Baixa,7.1,0.5,22.0
8043121022,-8.115133199999999,-34.9564019,PV1,20 a 100m,10 a 30º,0 a 60%,Media,7.0,0.2,47.0
8037996922,-8.1143191,-34.9553237,PV1,20 a 100m,10 a 30º,0 a 60%,Baixa,1.4,0.0,86.0
8033375022,-8.1149907,-34.9564438,PV1,20 a 100m,10 a 30º,0 a 60%,Media,3.8,0.2,47.0
8042664022,-8.1291356,-34.9328211,LVd2,0 a 20m,0 a 5º,0 a 10%,Baixa,5.4,0.8,9.0
8015891022,-8.116582,-34.95304300000001,LVd2,20 a 100m,10 a 30º,0 a 60%,Media,3.5,0.6,69.0
8005077822,-8.1219301,-34.9487028,LVd2,20 a 100m,10 a 30º,0 a 60%,Media,4.2,0.0,42.0
8113328021,-8.1177307,-34.9534313,LVd2,20 a 100m,10 a 30º,0 a 60%,Media,3.2,0.3,69.0
8112238721,-8.1182318,-34.9537038,LVd2,20 a 100m,10 a 30º,0 a 60%,Media,2.0,0.0,69.0
8105655521,-8.125945,-34.9510851,LVd2,0 a 40m,0 a 5º,0 a 15%,Media,3.4,0.0,28.0
8059428322,-8.0253517,-34.9114997,URBANO,0 a 20m,0 a 5º,0 a 10%,Baixa,2.9,0.0,12.0
8069190022,-8.1361364,-34.9478846,LVd2,20 a 100m,10 a 30º,0 a 60%,Media,8.1,0.0,50.0
8071489922,-8.1106634,-34.9456288,LVd2,20 a 100m,10 a 30º,0 a 60%,Baixa,14.5,0.1,22.0
8069748022,-8.1174233,-34.9517123,LVd2,20 a 100m,10 a 30º,0 a 60%,Media,15.6,0.8,51.0
8063067122,-8.1230455,-34.9508061,LVd2,0 a 40m,0 a 5º,0 a 15%,Baixa,14.2,0.6,32.0
8068134922,-8.1135165,-34.9569483,PV1,20 a 100m,10 a 30º,0 a 60%,Baixa,1.2,0.0,74.0
8058622022,-8.1099569,-34.9454363,LVd2,20 a 100m,10 a 30º,0 a 60%,Baixa,19.8,0.4,34.0
8068287022,-8.110854999999999,-34.9320786,LVd2,0 a 20m,0 a 5º,0 a 10%,Baixa,1.2,0.0,9.0
8056771922,-8.1109751,-34.9360743,LVd2,0 a 20m,0 a 5º,0 a 10%,Baixa,35.6,0.4,7.0
8047805122,-8.1230455,-34.9508061,LVd2,0 a 40m,0 a 5º,0 a 15%,Baixa,0.6,0.0,32.0
8045362522,-8.0426019,-34.9336902,URBANO,0 a 20m,0 a 5º,0 a 10%,Baixa,10.3,0.1,12.0
8072167522,-8.1230455,-34.9508061,LVd2,0 a 40m,0 a 5º,0 a 15%,Baixa,1.5,0.0,32.0
8067846522,-8.1105568,-34.93699350000001,LVd2,0 a 40m,0 a 5º,0 a 15%,Baixa,1.2,0.0,7.0
8073780222,-8.1105568,-34.93699350000001,LVd2,0 a 40m,0 a 5º,0 a 15%,Baixa,0.6,0.1,7.0
8074204522,-8.1221671,-34.9440894,LVd2,20 a 100m,10 a 30º,0 a 60%,Baixa,15.2,1.7,62.0
8066759122,-8.123565,-34.9557873,LVd2,20 a 100m,10 a 30º,0 a 60%,Media,0.6,0.2,57.0
8069397322,-8.114427599999999,-34.9596488,PV1,20 a 100m,10 a 30º,0 a 60%,Baixa,8.1,0.2,38.0
8065255022,-8.1325289,-34.9471625,LVd2,20 a 100m,10 a 30º,0 a 60%,Baixa,3.0,0.0,19.0
8064445022,-8.1289205,-34.9458192,LVd2,20 a 100m,10 a 30º,0 a 60%,Media,0.1,0.0,35.0
8059974822,-8.123887999999999,-34.9352752,LVd2,0 a 20m,0 a 5º,0 a 10%,Baixa,2.9,0.0,15.0
8061156722,-8.1137745,-34.9490349,LVd2,20 a 100m,10 a 30º,0 a 60%,Media,26.5,0.3,81.0
8059618722,-8.125634,-34.9604396,A2,20 a 100m,10 a 30º,0 a 60%,Baixa,2.9,0.0,23.0
8059641922,-8.1219301,-34.9487028,LVd2,20 a 100m,10 a 30º,0 a 60%,Media,2.9,0.0,42.0
8076675522,-8.1310572,-34.9406263,LVd2,20 a 100m,10 a 30º,0 a 60%,Media,3.7,0.0,57.0
8074640022,-8.1105568,-34.93699350000001,LVd2,0 a 40m,0 a 5º,0 a 15%,Baixa,12.4,0.9,7.0
8076291222,-8.114773699999999,-34.9399567,LVd2,0 a 40m,0 a 5º,0 a 15%,Baixa,9.4,0.3,14.0
8075734822,-8.1094859,-34.9392257,LVd2,0 a 20m,0 a 5º,0 a 10%,Baixa,23.3,0.3,11.0
8078730322,-8.1190185,-34.9576066,LVd2,20 a 100m,10 a 30º,0 a 60%,Alta,0.6,0.1,81.0
8077517422,-8.1351414,-34.956552,A2,20 a 100m,10 a 30º,0 a 60%,Media,20.5,0.2,15.0
8054487122,-7.9585646,-34.9136395,LVd4,20 a 100m,10 a 30º,0 a 60%,Baixa,4.1,0.0,76.0
8057738522,-7.993508100000001,-34.9406262,LVd4,0 a 40m,0 a 5º,0 a 15%,Baixa,12.7,0.1,42.0
8058860922,-7.993165899999999,-34.938545,LVd4,0 a 40m,0 a 5º,0 a 15%,Baixa,19.8,1.2,38.0
8033354222,-7.9932014,-34.933495,LVd4,20 a 100m,10 a 30º,0 a 60%,Media,3.8,0.2,39.0
8032374022,-7.996339900000001,-34.9343064,LVd4,20 a 100m,10 a 30º,0 a 60%,Media,2.6,0.3,66.0
8030705922,-7.9967893,-34.9374423,LVd4,20 a 100m,10 a 30º,0 a 60%,Media,5.2,0.3,59.0
8007208222,-7.965378499999999,-34.9234981,LVd4,20 a 100m,10 a 30º,0 a 60%,Media,1.0,0.4,79.0
8006374622,-7.9629851,-34.9244848,LVd4,20 a 100m,10 a 30º,0 a 60%,Baixa,0.8,0.1,81.0
8041050021,-7.9967893,-34.9374423,LVd4,20 a 100m,10 a 30º,0 a 60%,Media,4.4,0.1,59.0
8032258121,-7.9957179,-34.9546986,LVd4,20 a 100m,10 a 30º,0 a 60%,Alta,7.2,0.0,61.0
8077131922,-7.9944963,-34.9351467,LVd4,20 a 100m,10 a 30º,0 a 60%,Baixa,20.5,1.0,48.0
8064542522,-8.0041513,-34.9351464,LVd4,20 a 100m,10 a 30º,0 a 60%,Media,0.1,0.0,72.0
8072830622,-7.9919889,-34.93332,LVd4,20 a 100m,10 a 30º,0 a 60%,Baixa,1.6,0.4,67.0
8059422522,-7.953198199999999,-34.9505943,LVd1,20 a 100m,10 a 30º,0 a 60%,Baixa,2.9,0.0,105.0
8072247922,-7.9918119,-34.9310182,LVd4,20 a 100m,10 a 30º,0 a 60%,Media,1.5,0.0,41.0
8071070822,-7.990773000000001,-34.9304599,LVd4,20 a 100m,10 a 30º,0 a 60%,Media,49.1,5.0,33.0
8071072022,-7.990773000000001,-34.9304599,LVd4,20 a 100m,10 a 30º,0 a 60%,Media,49.1,5.0,33.0
8043272021,-8.0830175,-34.92741669999999,HP,0 a 40m,0 a 5º,0 a 15%,Baixa,17.8,0.1,6.0
8066715422,-8.014812300000001,-34.8924813,URBANO,20 a 100m,10 a 30º,0 a 60%,Media,0.6,0.2,28.0
8009076622,-8.0363126,-34.8905731,URBANO,0 a 20m,0 a 5º,0 a 10%,Baixa,7.6,0.2,8.0
8069868622,-8.0814534,-34.9303973,HP,0 a 20m,0 a 5º,0 a 10%,Baixa,15.6,0.0,11.0
8064304722,-8.0826323,-34.9294065,HP,0 a 20m,0 a 5º,0 a 10%,Baixa,0.1,0.0,11.0
8063863222,-8.082417999999999,-34.9288092,HP,0 a 40m,0 a 5º,0 a 15%,Baixa,14.2,0.1,6.0
8066708822,-8.0793571,-34.9311727,HP,0 a 20m,0 a 5º,0 a 10%,Baixa,0.6,0.2,8.0
8080347922,-8.0832795,-34.9299881,HP,0 a 20m,0 a 5º,0 a 10%,Baixa,0.5,0.0,11.0
8044601821,-7.9909758,-34.9163364,LVd4,0 a 40m,0 a 5º,0 a 15%,Baixa,0.9,0.1,17.0
8044430921,-7.9910671,-34.9166294,LVd4,0 a 40m,0 a 5º,0 a 15%,Baixa,2.9,0.0,17.0
8042367821,-8.000219399999999,-34.9107838,LVd4,20 a 100m,10 a 30º,0 a 60%,Media,17.8,0.5,37.0
8034799021,-8.0014722,-34.9140585,LVd4,20 a 100m,10 a 30º,0 a 60%,Media,3.0,0.0,55.0
8017954021,-7.9994115,-34.9150667,LVd4,20 a 100m,10 a 30º,0 a 60%,Media,9.6,0.2,42.0
8017883621,-8.004352599999999,-34.9028908,LVd4,20 a 100m,10 a 30º,0 a 60%,Baixa,9.6,0.2,15.0
8023107421,-7.990774800000001,-34.916141,LVd4,0 a 40m,0 a 5º,0 a 15%,Baixa,3.2,0.1,17.0
8016737621,-7.999584700000001,-34.912828,LVd4,20 a 100m,10 a 30º,0 a 60%,Media,6.0,0.1,69.0
8012149221,-7.9925357,-34.9191525,LVd4,20 a 100m,10 a 30º,0 a 60%,Media,3.8,0.1,38.0
8028059622,-8.0072053,-34.9070841,URBANO,0 a 40m,0 a 5º,0 a 15%,Baixa,19.1,0.1,15.0
8027963022,-7.9960606,-34.920566,LVd4,20 a 100m,10 a 30º,0 a 60%,Media,19.1,0.2,71.0
8028014222,-7.991683099999999,-34.913733,LVd4,0 a 40m,0 a 5º,0 a 15%,Media,19.1,0.1,32.0
8021258322,-7.988222899999999,-34.9187648,LVd4,0 a 40m,0 a 5º,0 a 15%,Media,30.3,1.4,31.0
8015466722,-7.9971881,-34.9193495,LVd4,20 a 100m,10 a 30º,0 a 60%,Media,0.9,0.0,71.0
8007371022,-7.9971881,-34.9193495,LVd4,20 a 100m,10 a 30º,0 a 60%,Media,1.0,0.0,71.0
8105665021,-7.9960606,-34.920566,LVd4,20 a 100m,10 a 30º,0 a 60%,Media,3.4,0.0,71.0
8072878021,-7.999318600000001,-34.9154669,LVd4,20 a 100m,10 a 30º,0 a 60%,Media,1.8,0.1,42.0
8073283021,-8.0077132,-34.9051077,URBANO,0 a 40m,0 a 5º,0 a 15%,Baixa,2.4,0.0,12.0
8065081321,-8.0023392,-34.9048951,LVd4,20 a 100m,10 a 30º,0 a 60%,Media,7.2,0.6,60.0
8042904321,-7.9960761,-34.9092484,LVd4,0 a 40m,0 a 5º,0 a 15%,Baixa,17.8,1.1,28.0
8043476521,-7.994979399999999,-34.9216263,LVd4,20 a 100m,10 a 30º,0 a 60%,Baixa,19.0,0.5,48.0
8066429122,-8.0072053,-34.9070841,URBANO,0 a 40m,0 a 5º,0 a 15%,Baixa,21.9,2.2,15.0
8064162822,-7.999475100000001,-34.916242,LVd4,20 a 100m,10 a 30º,0 a 60%,Media,0.1,0.1,42.0
8063524322,-7.9846603,-34.9169282,LVd4,0 a 40m,0 a 5º,0 a 15%,Baixa,14.2,0.2,33.0
8062352422,-8.00279,-34.9118642,LVd4,20 a 100m,10 a 30º,0 a 60%,Media,7.4,0.2,37.0
8059390622,-7.9780792,-34.9220479,LVd4,20 a 100m,10 a 30º,0 a 60%,Baixa,2.9,0.0,30.0
8063877322,-8.0066408,-34.9090682,URBANO,0 a 40m,0 a 5º,0 a 15%,Baixa,14.2,0.0,14.0
8062194022,-7.998781499999999,-34.9152529,LVd4,20 a 100m,10 a 30º,0 a 60%,Media,7.4,0.3,42.0
8068289222,-7.9986209,-34.92078,LVd4,20 a 100m,10 a 30º,0 a 60%,Media,1.2,0.0,43.0
8071928222,-8.0042176,-34.90731,URBANO,20 a 100m,10 a 30º,0 a 60%,Media,1.5,0.1,35.0
8053434122,-8.0054312,-34.9079096,URBANO,20 a 100m,10 a 30º,0 a 60%,Media,20.2,0.0,35.0
8053770122,-7.9846603,-34.9169282,LVd4,0 a 40m,0 a 5º,0 a 15%,Baixa,20.2,0.7,33.0
8059168122,-7.9806425,-34.9196882,LVd4,0 a 40m,0 a 5º,0 a 15%,Baixa,19.8,0.0,26.0
8030126922,-7.9925357,-34.9191525,LVd4,20 a 100m,10 a 30º,0 a 60%,Media,1.7,0.0,38.0
8027933422,-8.0070519,-34.9083873,URBANO,0 a 40m,0 a 5º,0 a 15%,Baixa,19.1,0.2,14.0
8027900922,-8.0070786,-34.9085261,URBANO,0 a 40m,0 a 5º,0 a 15%,Baixa,19.1,0.9,14.0
8077913722,-7.997164400000001,-34.9195762,LVd4,20 a 100m,10 a 30º,0 a 60%,Baixa,8.0,0.3,71.0
8076189322,-8.0031298,-34.9011001,LVd4,0 a 40m,0 a 5º,0 a 15%,Baixa,9.4,0.5,12.0
8075756122,-8.0029462,-34.9013405,LVd4,0 a 40m,0 a 5º,0 a 15%,Baixa,23.3,0.3,12.0
8076571522,-8.0033377,-34.9081206,LVd4,20 a 100m,10 a 30º,0 a 60%,Baixa,3.7,0.0,52.0
8065953922,-8.0072466,-34.9085497,URBANO,0 a 40m,0 a 5º,0 a 15%,Baixa,4.7,0.2,14.0
8065225322,-8.0072053,-34.9070841,URBANO,0 a 40m,0 a 5º,0 a 15%,Baixa,3.0,0.0,15.0
8065875822,-7.9960606,-34.920566,LVd4,20 a 100m,10 a 30º,0 a 60%,Media,4.7,0.2,71.0
8062674122,-7.993779900000001,-34.9229548,LVd4,20 a 100m,10 a 30º,0 a 60%,Media,7.4,0.3,55.0
8062952122,-8.0021648,-34.9022312,LVd4,0 a 40m,0 a 5º,0 a 15%,Baixa,7.4,0.6,25.0
8065665322,-8.0131212,-34.958266,A2,0 a 40m,0 a 5º,0 a 15%,Baixa,4.7,0.1,23.0
8058299522,-8.013834,-34.9592024,A2,20 a 100m,10 a 30º,0 a 60%,Media,19.8,6.1,18.0
8056900322,-8.0167042,-34.954,A2,20 a 100m,10 a 30º,0 a 60%,Baixa,35.6,0.0,12.0
8055580522,-8.0131212,-34.958266,A2,0 a 40m,0 a 5º,0 a 15%,Baixa,83.0,4.9,23.0
8056435922,-8.0161786,-34.9452495,A2,0 a 40m,0 a 5º,0 a 15%,Baixa,35.6,2.1,15.0
8027387022,-8.0131212,-34.958266,A2,0 a 40m,0 a 5º,0 a 15%,Baixa,20.8,0.1,23.0
8078495422,-8.0667324,-34.9421326,HP,0 a 20m,0 a 5º,0 a 10%,Baixa,1.7,0.0,7.0
8055725322,-8.0793707,-34.9761844,PV1,10 a 40m,0 a 10º,0 a 20%,Baixa,83.0,8.0,23.0
8080366322,-8.015806999999999,-34.9617974,A2,0 a 40m,0 a 5º,0 a 15%,Media,0.5,0.0,19.0
8064107722,-8.0083174,-34.9563675,A2,20 a 100m,10 a 30º,0 a 60%,Media,0.1,0.0,24.0
8068625222,-8.0083434,-34.958808,A2,20 a 100m,10 a 30º,0 a 60%,Baixa,8.0,0.2,9.0
8000295921,-8.0562915,-34.9236555,URBANO,0 a 20m,0 a 5º,0 a 10%,Baixa,2.1,0.1,9.0
8056082922,-8.0493349,-34.9187064,A2,0 a 20m,0 a 5º,0 a 10%,Baixa,83.0,0.6,9.0
8056098222,-8.0489983,-34.91897030000001,A2,0 a 20m,0 a 5º,0 a 10%,Baixa,83.0,0.6,9.0
8078054822,-8.0468646,-34.9361239,URBANO,0 a 20m,0 a 5º,0 a 10%,Baixa,8.0,0.3,13.0
8078881122,-8.0550646,-34.931853,A2,0 a 20m,0 a 5º,0 a 10%,Baixa,0.6,0.1,11.0
8076147922,-8.0463331,-34.9202064,A2,0 a 20m,0 a 5º,0 a 10%,Baixa,9.4,0.2,9.0
8076173022,-8.0537019,-34.9365665,A2,0 a 20m,0 a 5º,0 a 10%,Baixa,9.4,0.5,12.0
8070229322,-8.0892233,-34.964165,URBANO,0 a 40m,0 a 5º,0 a 15%,Baixa,0.6,0.0,17.0
8074325722,-8.0864522,-34.9685762,PV1,20 a 100m,5 a 30º,0 a 60%,Media,15.2,0.7,51.0
8072117822,-8.0871927,-34.9700891,PV1,0 a 40m,0 a 5º,0 a 15%,Media,1.5,0.6,28.0
8075272422,-8.0864522,-34.9685762,PV1,20 a 100m,5 a 30º,0 a 60%,Media,7.3,0.0,51.0
8076221422,-8.0898939,-34.9645575,URBANO,0 a 40m,0 a 5º,0 a 15%,Baixa,9.4,0.5,16.0
8062505522,-8.0852675,-34.9696225,PV1,20 a 100m,5 a 30º,0 a 60%,Media,7.4,0.2,59.0
8055981022,-8.0869866,-34.971911,PV1,0 a 40m,0 a 5º,0 a 15%,Baixa,83.0,1.8,22.0
8056024922,-8.0892927,-34.9661757,PV1,0 a 40m,0 a 5º,0 a 15%,Baixa,83.0,1.1,15.0
8056152722,-8.087916,-34.9652294,PV1,0 a 40m,0 a 5º,0 a 15%,Baixa,83.0,0.4,15.0
8055735922,-8.0871537,-34.9725754,PV1,0 a 40m,0 a 5º,0 a 15%,Baixa,83.0,8.0,22.0
8042685822,-8.0845193,-34.9714873,PV1,20 a 100m,5 a 30º,0 a 60%,Baixa,5.4,0.0,25.0
8030864121,-8.0873838,-34.9697721,PV1,0 a 40m,0 a 5º,0 a 15%,Media,9.6,0.6,28.0
8015660822,-8.0863614,-34.9022732,HP,0 a 20m,0 a 5º,0 a 10%,Baixa,3.5,0.5,4.0
8062316021,-8.0663424,-34.8876765,URBANO,0 a 20m,0 a 5º,0 a 10%,Baixa,5.4,0.0,10.0
8070166321,-8.06957,-34.8907664,AGUA,0 a 20m,0 a 5º,0 a 10%,Baixa,15.9,0.8,4.0
8092231221,-8.1187809,-34.9463292,LVd2,20 a 100m,10 a 30º,0 a 60%,Baixa,2.5,0.1,82.0
8037908421,-8.1219301,-34.9487028,LVd2,20 a 100m,10 a 30º,0 a 60%,Media,4.0,0.0,42.0
8080921722,-8.0886604,-34.96868380000001,PV1,0 a 40m,0 a 5º,0 a 15%,Baixa,3.3,0.2,14.0
8069259022,-8.0878093,-34.9652828,PV1,0 a 40m,0 a 5º,0 a 15%,Baixa,8.1,0.0,15.0
8066458122,-8.0866466,-34.97300329999999,PV1,20 a 100m,5 a 30º,0 a 60%,Baixa,21.9,0.0,15.0
8079271222,-8.003007499999999,-34.9353713,LVd4,20 a 100m,10 a 30º,0 a 60%,Media,6.5,1.0,72.0
8059331121,-8.0071968,-34.9343408,LVd4,20 a 100m,10 a 30º,0 a 60%,Media,1.1,0.2,42.0
8062652021,-8.0390657,-34.9515557,A2,0 a 20m,0 a 5º,0 a 10%,Baixa,6.2,0.1,15.0
8014622522,-8.067807,-34.8905753,ILHA,0 a 20m,0 a 5º,0 a 10%,Baixa,2.7,0.0,11.0
8069154322,-8.0290266,-34.9512051,A2,0 a 40m,0 a 5º,0 a 15%,Baixa,8.1,0.0,7.0
8064424222,-8.024778399999999,-34.9470465,A2,0 a 40m,0 a 5º,0 a 15%,Baixa,0.1,0.0,8.0
8076423622,-8.0290283,-34.9513304,A2,0 a 40m,0 a 5º,0 a 15%,Baixa,9.4,0.3,7.0
8056316121,-8.0620767,-34.8926503,AGUA,0 a 20m,0 a 5º,0 a 10%,Baixa,4.7,0.2,12.0
8027459022,-8.024715,-34.9569136,A2,0 a 40m,0 a 5º,0 a 15%,Baixa,19.1,0.6,8.0
8052987722,-8.046968800000002,-34.9620849,A2,0 a 40m,0 a 5º,0 a 15%,Baixa,20.2,0.5,17.0
8031382021,-8.024715,-34.9569136,A2,0 a 40m,0 a 5º,0 a 15%,Baixa,3.8,1.0,8.0
8072031821,-8.0327895,-34.9168809,URBANO,0 a 20m,0 a 5º,0 a 10%,Baixa,3.6,0.0,14.0
8052593922,-8.0248989,-34.9581648,A2,0 a 40m,0 a 5º,0 a 15%,Baixa,20.2,1.4,8.0
8024613021,-8.0114639,-34.914992,A2,20 a 100m,10 a 30º,0 a 60%,Media,2.8,0.2,68.0
8057050322,-8.026607799999999,-34.91264779999999,URBANO,0 a 20m,0 a 5º,0 a 10%,Baixa,12.7,0.6,14.0
8056637022,-8.0084622,-34.917381,A2,20 a 100m,10 a 30º,0 a 60%,Media,35.6,0.0,41.0
8021817222,-8.0220939,-34.9259818,A2,20 a 100m,10 a 30º,0 a 60%,Baixa,2.3,0.2,23.0
8056568021,-8.0231883,-34.9139539,URBANO,20 a 100m,10 a 30º,0 a 60%,Baixa,1.1,0.0,14.0
8076679022,-8.0217062,-34.8763068,LVd4,0 a 40m,0 a 5º,0 a 15%,Baixa,5.7,0.0,4.0
8069906522,-8.0300643,-34.877211,URBANO,0 a 20m,0 a 5º,0 a 10%,Baixa,17.3,0.1,6.0
8063534922,-8.0266166,-34.8777796,LVd4,0 a 40m,0 a 5º,0 a 15%,Baixa,16.5,0.0,7.0
8065317522,-8.0304981,-34.8806041,URBANO,0 a 20m,0 a 5º,0 a 10%,Baixa,5.9,0.0,9.0
8018699421,-8.032641,-34.876756,URBANO,0 a 20m,0 a 5º,0 a 10%,Baixa,3.7,0.1,8.0
8031094521,-8.0301283,-34.8783761,URBANO,0 a 20m,0 a 5º,0 a 10%,Baixa,9.6,0.2,6.0
8044122221,-8.0125878,-34.8831216,LVd4,20 a 100m,10 a 30º,0 a 60%,Baixa,19.0,0.8,8.0
8052794422,-8.011671100000001,-34.8810228,LVd4,20 a 100m,10 a 30º,0 a 60%,Baixa,29.7,1.9,8.0
8052554322,-8.010122899999999,-34.8817607,LVd4,0 a 40m,0 a 5º,0 a 15%,Baixa,29.7,1.1,8.0
8055905122,-8.0641725,-34.8798656,URBANO,0 a 20m,0 a 5º,0 a 10%,Baixa,94.0,5.3,15.0
8064092022,-8.011671100000001,-34.8810228,LVd4,20 a 100m,10 a 30º,0 a 60%,Baixa,0.4,0.0,8.0
8024729722,-8.0169391,-34.8840101,LVd4,0 a 20m,0 a 5º,0 a 10%,Baixa,5.0,0.1,9.0
8058761022,-8.020475,-34.876707,URBANO,0 a 40m,0 a 5º,0 a 15%,Baixa,21.8,2.5,5.0
8043035921,-8.1043144,-34.9327782,HP,0 a 40m,0 a 5º,0 a 15%,Baixa,17.8,0.6,8.0
8021809022,-8.0849227,-34.9065954,URBANO,0 a 40m,0 a 5º,0 a 15%,Baixa,2.3,0.2,6.0
8069255422,-8.010360499999999,-34.8815019,LVd4,0 a 40m,0 a 5º,0 a 15%,Baixa,7.8,0.0,8.0
8065267822,-7.997447,-34.9243806,LVd4,0 a 40m,0 a 5º,0 a 15%,Baixa,3.0,0.0,28.0
8065272122,-7.997447,-34.9243806,LVd4,0 a 40m,0 a 5º,0 a 15%,Baixa,3.0,0.0,28.0
8065276722,-7.997447,-34.9243806,LVd4,0 a 40m,0 a 5º,0 a 15%,Baixa,3.0,0.0,28.0
8063081422,-7.999055100000001,-34.9237848,LVd4,20 a 100m,10 a 30º,0 a 60%,Baixa,14.2,0.6,28.0
8065681922,-7.997447,-34.9243806,LVd4,0 a 40m,0 a 5º,0 a 15%,Baixa,4.7,0.1,28.0
8063299022,-7.999055100000001,-34.9237848,LVd4,20 a 100m,10 a 30º,0 a 60%,Baixa,14.2,0.8,28.0
8065248322,-7.997447,-34.9243806,LVd4,0 a 40m,0 a 5º,0 a 15%,Baixa,3.0,0.0,28.0
8065253722,-7.997447,-34.9243806,LVd4,0 a 40m,0 a 5º,0 a 15%,Baixa,3.0,0.0,28.0
8052511222,-7.9998425,-34.9228026,LVd4,20 a 100m,10 a 30º,0 a 60%,Baixa,20.2,0.9,23.0
8053423022,-7.9899799,-34.9287743,LVd4,0 a 40m,0 a 5º,0 a 15%,Baixa,20.2,0.0,31.0
8063276022,-8.0142231,-34.9241607,A2,20 a 100m,10 a 30º,0 a 60%,Media,14.2,0.8,72.0
8063292522,-8.0142231,-34.9241607,A2,20 a 100m,10 a 30º,0 a 60%,Media,14.2,0.8,72.0
8069133622,-7.9912558,-34.9297511,LVd4,20 a 100m,10 a 30º,0 a 60%,Media,8.1,0.2,33.0
8065750022,-7.9907536,-34.9336685,LVd4,20 a 100m,10 a 30º,0 a 60%,Media,4.7,0.0,31.0
8056129522,-7.9952985,-34.9323471,LVd4,20 a 100m,10 a 30º,0 a 60%,Media,83.0,0.4,49.0
8101457421,-7.9943009,-34.9308285,LVd4,20 a 100m,10 a 30º,0 a 60%,Alta,3.3,0.4,79.0
8077425421,-8.0142231,-34.9241607,A2,20 a 100m,10 a 30º,0 a 60%,Media,6.5,0.2,72.0
8043926021,-7.9906237,-34.9317354,LVd4,20 a 100m,10 a 30º,0 a 60%,Media,19.0,0.4,54.0
8048488121,-8.0191421,-34.9032232,URBANO,20 a 100m,10 a 30º,0 a 60%,Baixa,7.1,0.6,14.0
8042048021,-8.0215319,-34.9008558,URBANO,0 a 20m,0 a 5º,0 a 10%,Baixa,9.5,0.4,12.0
8031144221,-8.013633,-34.9093565,A2,20 a 100m,10 a 30º,0 a 60%,Media,3.8,0.1,46.0
8032898021,-8.0153854,-34.9070654,A2,20 a 100m,10 a 30º,0 a 60%,Baixa,9.6,0.5,28.0
8076258522,-8.0221718,-34.902258,URBANO,0 a 20m,0 a 5º,0 a 10%,Baixa,9.4,0.3,11.0
8080807022,-8.0238339,-34.8979896,URBANO,0 a 20m,0 a 5º,0 a 10%,Baixa,3.3,0.2,10.0
8076899022,-8.0221199,-34.902065,URBANO,0 a 20m,0 a 5º,0 a 10%,Baixa,3.7,0.1,12.0
8061256122,-8.0155231,-34.9044184,A2,20 a 100m,10 a 30º,0 a 60%,Media,26.5,0.3,34.0
8063301422,-8.020714200000002,-34.8992539,URBANO,20 a 100m,10 a 30º,0 a 60%,Baixa,14.2,0.8,32.0
8031078822,-8.0191879,-34.9043319,URBANO,20 a 100m,10 a 30º,0 a 60%,Media,5.2,0.0,26.0
8004822122,-8.062404599999999,-34.8824545,URBANO,0 a 20m,0 a 5º,0 a 10%,Baixa,11.0,0.5,10.0
8001799021,-8.0534454,-34.8919318,URBANO,0 a 20m,0 a 5º,0 a 10%,Baixa,0.6,0.0,8.0
8056265622,-8.111680999999999,-34.8938389,HP,0 a 20m,0 a 5º,0 a 10%,Baixa,94.0,0.5,10.0
8069682121,-8.134445,-34.9050331,HP,0 a 20m,0 a 5º,0 a 10%,Baixa,7.2,0.3,8.0
8092888121,-8.1343943,-34.9056124,HP,0 a 20m,0 a 5º,0 a 10%,Baixa,2.2,0.0,8.0
8042723921,-8.146773,-34.9138163,HP,0 a 20m,0 a 5º,0 a 10%,Baixa,17.8,0.9,11.0
8001786621,-8.1282516,-34.9067702,HP,0 a 20m,0 a 5º,0 a 10%,Baixa,0.6,0.0,9.0
8068132622,-8.008517399999999,-34.8913824,LVd4,20 a 100m,10 a 30º,0 a 60%,Media,1.2,0.0,25.0
8052837522,-8.0045263,-34.8926283,LVd4,20 a 100m,10 a 30º,0 a 60%,Baixa,20.2,0.4,10.0
8043571821,-8.008517399999999,-34.8913824,LVd4,20 a 100m,10 a 30º,0 a 60%,Media,19.0,0.6,25.0
8005265021,-8.008517399999999,-34.8913824,LVd4,20 a 100m,10 a 30º,0 a 60%,Media,1.5,0.0,25.0
8056299822,-8.0897443,-34.9443545,URBANO,10 a 40m,0 a 10º,0 a 20%,Baixa,83.0,0.1,19.0
8056116022,-8.08503,-34.940945,HP,0 a 40m,0 a 5º,0 a 15%,Baixa,83.0,0.4,9.0
8021338722,-8.0881517,-34.9431388,URBANO,10 a 40m,0 a 10º,0 a 20%,Baixa,30.3,1.2,18.0
8076986221,-8.1092715,-34.954419,PV1,20 a 100m,10 a 30º,0 a 60%,Baixa,3.6,0.1,47.0
8092205121,-8.1084565,-34.9479529,LVd2,20 a 100m,10 a 30º,0 a 60%,Baixa,2.5,0.3,50.0
8076823422,-8.0044775,-34.89004,LVd4,0 a 40m,0 a 5º,0 a 15%,Baixa,3.7,0.1,9.0
8061756422,-8.0058341,-34.8929446,LVd4,20 a 100m,10 a 30º,0 a 60%,Media,9.4,1.0,10.0
8071133022,-8.008517399999999,-34.8913824,LVd4,20 a 100m,10 a 30º,0 a 60%,Media,49.1,4.0,25.0
8063777922,-8.0103978,-34.8904527,URBANO,20 a 100m,10 a 30º,0 a 60%,Media,14.2,0.1,25.0
8062889822,-8.1341475,-34.908829,HP,0 a 20m,0 a 5º,0 a 10%,Baixa,10.7,0.7,6.0
8063129722,-8.11516,-34.9517757,LVd2,20 a 100m,10 a 30º,0 a 60%,Media,14.2,1.4,70.0
8066351222,-8.1079076,-34.9485215,PV1,20 a 100m,10 a 30º,0 a 60%,Baixa,21.9,0.4,35.0
8053192822,-8.1075409,-34.956487,PV1,20 a 100m,10 a 30º,0 a 60%,Media,20.2,0.2,38.0
8017269621,-8.0265986,-34.8941141,URBANO,0 a 20m,0 a 5º,0 a 10%,Baixa,7.8,0.1,9.0
8080065521,-8.0248721,-34.8854887,URBANO,0 a 40m,0 a 5º,0 a 15%,Baixa,2.8,0.0,9.0
8063234522,-8.0249525,-34.9301507,A2,20 a 100m,10 a 30º,0 a 60%,Media,14.2,1.1,22.0
8056910922,-8.0213729,-34.934845,A2,0 a 40m,0 a 5º,0 a 15%,Baixa,35.6,0.0,7.0
8074951522,-8.0961538,-34.9229562,HP,0 a 40m,0 a 5º,0 a 15%,Baixa,12.4,0.0,9.0
8069814322,-8.100478,-34.9364011,HP,0 a 40m,0 a 5º,0 a 15%,Baixa,15.6,0.2,8.0
8067519422,-8.0956899,-34.9346816,HP,0 a 20m,0 a 5º,0 a 10%,Baixa,0.7,0.1,13.0
8069698322,-8.0988962,-34.9370167,HP,0 a 20m,0 a 5º,0 a 10%,Baixa,15.6,2.2,10.0
8068717422,-8.1006733,-34.9362442,HP,0 a 40m,0 a 5º,0 a 15%,Baixa,8.0,0.0,8.0
8055751422,-8.1043018,-34.9354324,LVd2,0 a 40m,0 a 5º,0 a 15%,Baixa,83.0,8.0,10.0
8055757222,-8.1027404,-34.9385746,LVd2,0 a 40m,0 a 5º,0 a 15%,Baixa,83.0,8.0,5.0
8055897922,-8.1025891,-34.9367832,LVd2,0 a 40m,0 a 5º,0 a 15%,Baixa,83.0,5.2,4.0
8031110021,-8.1040696,-34.9372891,LVd2,0 a 40m,0 a 5º,0 a 15%,Baixa,9.6,0.1,4.0
8060244022,-8.0179443,-34.9085873,A2,20 a 100m,10 a 30º,0 a 60%,Media,2.3,0.2,19.0
8046887422,-8.012103999999999,-34.9017418,URBANO,20 a 100m,10 a 30º,0 a 60%,Media,4.3,0.0,57.0
8038684022,-8.017909,-34.9061164,URBANO,20 a 100m,10 a 30º,0 a 60%,Media,4.9,0.0,33.0
8109906221,-8.015854599999999,-34.9063899,A2,20 a 100m,10 a 30º,0 a 60%,Baixa,2.4,0.1,28.0
8046013422,-8.0223853,-34.9045588,URBANO,20 a 100m,10 a 30º,0 a 60%,Media,1.8,0.5,28.0
8058234221,-8.023458,-34.9035239,URBANO,20 a 100m,10 a 30º,0 a 60%,Media,3.9,0.1,35.0
8047265921,-8.0218808,-34.9100627,URBANO,20 a 100m,10 a 30º,0 a 60%,Media,3.5,0.2,53.0
8017844021,-8.025331999999999,-34.927136,A2,20 a 100m,10 a 30º,0 a 60%,Baixa,9.6,0.3,29.0
8030024122,-8.0131948,-34.9148128,A2,20 a 100m,10 a 30º,0 a 60%,Media,1.7,0.3,53.0
8004008222,-8.0106617,-34.9128134,A2,20 a 100m,10 a 30º,0 a 60%,Media,6.0,0.1,68.0
8062233721,-8.0133301,-34.913243,A2,20 a 100m,10 a 30º,0 a 60%,Media,5.4,0.1,55.0
8042404021,-8.0145299,-34.9100762,A2,20 a 100m,10 a 30º,0 a 60%,Media,17.8,1.9,46.0
8032836521,-8.0159098,-34.9121106,A2,20 a 100m,10 a 30º,0 a 60%,Baixa,9.6,1.9,45.0
8020383021,-8.0114639,-34.914992,A2,20 a 100m,10 a 30º,0 a 60%,Media,5.4,0.2,68.0
8062961022,-8.017209,-34.9120292,A2,20 a 100m,10 a 30º,0 a 60%,Media,7.4,0.4,26.0
8051865522,-8.0138633,-34.9118979,A2,20 a 100m,10 a 30º,0 a 60%,Media,27.7,0.1,65.0
8064485122,-8.0146104,-34.9052763,A2,20 a 100m,10 a 30º,0 a 60%,Media,0.1,0.0,34.0
8061175122,-8.015526399999999,-34.8999894,A2,20 a 100m,10 a 30º,0 a 60%,Media,26.5,0.3,36.0
8077378621,-8.0197592,-34.8969002,URBANO,20 a 100m,10 a 30º,0 a 60%,Baixa,2.2,0.1,21.0
8061428921,-8.0196696,-34.8874497,URBANO,0 a 20m,0 a 5º,0 a 10%,Baixa,0.6,0.0,9.0
8054973521,-8.017116999999999,-34.8953504,URBANO,20 a 100m,10 a 30º,0 a 60%,Baixa,2.6,0.2,17.0
8035406121,-8.0172788,-34.8950702,URBANO,20 a 100m,10 a 30º,0 a 60%,Baixa,1.6,0.0,17.0
8078157122,-8.0968951,-34.924142,HP,0 a 40m,0 a 5º,0 a 15%,Baixa,8.7,0.1,9.0
8052581022,-8.082814299999999,-34.9205991,URBANO,0 a 20m,0 a 5º,0 a 10%,Baixa,20.2,1.3,7.0
8071124022,-8.0703383,-34.9112184,HP,0 a 20m,0 a 5º,0 a 10%,Baixa,49.1,4.0,8.0
8074275022,-8.0843337,-34.9123566,URBANO,0 a 20m,0 a 5º,0 a 10%,Baixa,15.2,0.7,6.0
8074423922,-8.0829535,-34.9172081,URBANO,0 a 40m,0 a 5º,0 a 15%,Baixa,15.2,0.0,7.0
8079697022,-8.084460199999999,-34.9121095,URBANO,0 a 20m,0 a 5º,0 a 10%,Baixa,1.4,0.0,6.0
8054746722,-8.0703383,-34.9112184,HP,0 a 20m,0 a 5º,0 a 10%,Baixa,4.1,0.0,8.0
8031127021,-8.071093,-34.9094797,URBANO,0 a 20m,0 a 5º,0 a 10%,Baixa,3.8,0.1,5.0
8076608622,-8.0089462,-34.9169975,A2,20 a 100m,10 a 30º,0 a 60%,Alta,3.7,0.0,41.0
8059658922,-8.0125905,-34.9170826,A2,20 a 100m,10 a 30º,0 a 60%,Media,2.9,0.0,29.0
